filename,word,speaker,quality,file_path,duration
17.wav,اثنين,هيفاء,جيد,data\clean\اثنين\17.wav,0.7029375
21.wav,اثنين,أسيل,ضعيف,data\clean\اثنين\21.wav,0.76625
18.wav,اثنين,هيفاء,جيد,data\clean\اثنين\18.wav,0.659
4.wav,اثنين,أحمد,ضعيف,data\clean\اثنين\4.wav,0.5143125
0.wav,اثنين,أحمد,ضعيف,data\clean\اثنين\0.wav,0.635125
2.wav,اثنين,أحمد,ضعيف,data\clean\اثنين\2.wav,0.597125
25.wav,اثنين,أسيل,ضعيف,data\clean\اثنين\25.wav,0.8599375
26.wav,اثنين,أسيل,ضعيف,data\clean\اثنين\26.wav,1.0015625
20.wav,اثنين,هيفاء,جيد,data\clean\اثنين\20.wav,0.6150625
7.wav,اثنين,عاصم,ممتاز,data\clean\اثنين\7.wav,0.7430625
1.wav,اثنين,أحمد,ضعيف,data\clean\اثنين\1.wav,0.7295625
12.wav,اثنين,عاصم,ممتاز,data\clean\اثنين\12.wav,1.1084375
14.wav,اثنين,هيفاء,جيد,data\clean\اثنين\14.wav,0.58575
10.wav,اثنين,عاصم,ممتاز,data\clean\اثنين\10.wav,0.945125
23.wav,اثنين,أسيل,ضعيف,data\clean\اثنين\23.wav,0.5910625
5.wav,اثنين,أحمد,ضعيف,data\clean\اثنين\5.wav,0.6040625
11.wav,اثنين,عاصم,ممتاز,data\clean\اثنين\11.wav,1.1373125
8.wav,اثنين,عاصم,ممتاز,data\clean\اثنين\8.wav,1.0200625
24.wav,احمر,أسيل,ضعيف,data\clean\احمر\24.wav,0.7628125
15.wav,احمر,هيفاء,جيد,data\clean\احمر\15.wav,0.4444375
21.wav,احمر,أسيل,ضعيف,data\clean\احمر\21.wav,0.83875
14.wav,احمر,هيفاء,جيد,data\clean\احمر\14.wav,0.87275
23.wav,احمر,أسيل,ضعيف,data\clean\احمر\23.wav,0.793875
16.wav,احمر,هيفاء,جيد,data\clean\احمر\16.wav,0.69175
25.wav,احمر,أسيل,ضعيف,data\clean\احمر\25.wav,1.1114375
5.wav,اخ,أحمد,ضعيف,data\clean\اخ\5.wav,0.48325
1.wav,اخ,أحمد,ضعيف,data\clean\اخ\1.wav,0.414875
24.wav,اخ,أسيل,ضعيف,data\clean\اخ\24.wav,0.6075
0.wav,اخ,أحمد,ضعيف,data\clean\اخ\0.wav,0.561375
4.wav,اخ,أحمد,ضعيف,data\clean\اخ\4.wav,0.6199375
2.wav,اخ,أحمد,ضعيف,data\clean\اخ\2.wav,0.693125
6.wav,اخ,أحمد,ضعيف,data\clean\اخ\6.wav,0.478375
1.wav,اخت,أحمد,ضعيف,data\clean\اخت\1.wav,0.93
2.wav,اخت,أحمد,ضعيف,data\clean\اخت\2.wav,0.9194375
24.wav,اخت,أسيل,ضعيف,data\clean\اخت\24.wav,1.1144375
21.wav,اخت,أسيل,ضعيف,data\clean\اخت\21.wav,0.6629375
23.wav,اخت,أسيل,ضعيف,data\clean\اخت\23.wav,1.0466875
14.wav,اخضر,هيفاء,جيد,data\clean\اخضر\14.wav,0.770625
21.wav,اخضر,أسيل,ضعيف,data\clean\اخضر\21.wav,0.894
25.wav,اخضر,أسيل,ضعيف,data\clean\اخضر\25.wav,1.0561875
22.wav,اخضر,أسيل,ضعيف,data\clean\اخضر\22.wav,1.0355
24.wav,اخضر,أسيل,ضعيف,data\clean\اخضر\24.wav,0.845625
17.wav,اربعة,هيفاء,جيد,data\clean\اربعة\17.wav,0.40275
24.wav,اربعة,أسيل,ضعيف,data\clean\اربعة\24.wav,0.6500625
1.wav,اربعة,أحمد,ضعيف,data\clean\اربعة\1.wav,0.7604375
8.wav,اربعة,عاصم,ممتاز,data\clean\اربعة\8.wav,0.8025
2.wav,اربعة,أحمد,ضعيف,data\clean\اربعة\2.wav,0.4673125
18.wav,اربعة,هيفاء,جيد,data\clean\اربعة\18.wav,1.2179375
21.wav,اربعة,أسيل,ضعيف,data\clean\اربعة\21.wav,0.7265
10.wav,اربعة,عاصم,ممتاز,data\clean\اربعة\10.wav,0.5855
7.wav,اربعة,عاصم,ممتاز,data\clean\اربعة\7.wav,0.7198125
14.wav,اربعة,هيفاء,جيد,data\clean\اربعة\14.wav,0.9909375
11.wav,اربعة,عاصم,ممتاز,data\clean\اربعة\11.wav,1.031625
20.wav,اربعة,هيفاء,جيد,data\clean\اربعة\20.wav,0.5418125
23.wav,اربعة,أسيل,ضعيف,data\clean\اربعة\23.wav,0.837875
12.wav,اربعة,عاصم,ممتاز,data\clean\اربعة\12.wav,0.7060625
13.wav,اربعة,عاصم,ممتاز,data\clean\اربعة\13.wav,1.297125
4.wav,اربعة,أحمد,ضعيف,data\clean\اربعة\4.wav,0.4905
25.wav,اربعة,أسيل,ضعيف,data\clean\اربعة\25.wav,0.6546875
21.wav,ازرق,أسيل,ضعيف,data\clean\ازرق\21.wav,0.8784375
22.wav,ازرق,أسيل,ضعيف,data\clean\ازرق\22.wav,0.90775
26.wav,ازرق,أسيل,ضعيف,data\clean\ازرق\26.wav,1.10975
23.wav,ازرق,أسيل,ضعيف,data\clean\ازرق\23.wav,1.1994375
25.wav,استاذة,أسيل,ضعيف,data\clean\استاذة\25.wav,0.831875
15.wav,استاذة,هيفاء,جيد,data\clean\استاذة\15.wav,0.80975
23.wav,استاذة,أسيل,ضعيف,data\clean\استاذة\23.wav,0.8008125
14.wav,استاذة,هيفاء,جيد,data\clean\استاذة\14.wav,1.3293125
26.wav,استاذة,أسيل,ضعيف,data\clean\استاذة\26.wav,0.724875
16.wav,استاذة,هيفاء,جيد,data\clean\استاذة\16.wav,1.0353125
22.wav,استاذة,أسيل,ضعيف,data\clean\استاذة\22.wav,0.742125
22.wav,اسد,أسيل,ضعيف,data\clean\اسد\22.wav,0.8318125
25.wav,اسد,أسيل,ضعيف,data\clean\اسد\25.wav,0.797375
23.wav,اسد,أسيل,ضعيف,data\clean\اسد\23.wav,0.8595
21.wav,اسود,أسيل,ضعيف,data\clean\اسود\21.wav,0.707625
22.wav,اسود,أسيل,ضعيف,data\clean\اسود\22.wav,0.894
26.wav,اسود,أسيل,ضعيف,data\clean\اسود\26.wav,1.001
23.wav,اسود,أسيل,ضعيف,data\clean\اسود\23.wav,1.042375
17.wav,اشرب,هيفاء,جيد,data\clean\اشرب\17.wav,0.49875
24.wav,اشرب,أسيل,ضعيف,data\clean\اشرب\24.wav,0.9015
1.wav,اشرب,أحمد,ضعيف,data\clean\اشرب\1.wav,1.8776875
26.wav,اشرب,أسيل,ضعيف,data\clean\اشرب\26.wav,0.446875
2.wav,اشرب,أحمد,ضعيف,data\clean\اشرب\2.wav,1.284
18.wav,اشرب,هيفاء,جيد,data\clean\اشرب\18.wav,1.2495
21.wav,اشرب,أسيل,ضعيف,data\clean\اشرب\21.wav,1.2068125
10.wav,اشرب,عاصم,ممتاز,data\clean\اشرب\10.wav,0.2728125
7.wav,اشرب,عاصم,ممتاز,data\clean\اشرب\7.wav,0.5654375
14.wav,اشرب,هيفاء,جيد,data\clean\اشرب\14.wav,0.79325
11.wav,اشرب,عاصم,ممتاز,data\clean\اشرب\11.wav,1.0216875
20.wav,اشرب,هيفاء,جيد,data\clean\اشرب\20.wav,0.545375
23.wav,اشرب,أسيل,ضعيف,data\clean\اشرب\23.wav,0.7044375
12.wav,اشرب,عاصم,ممتاز,data\clean\اشرب\12.wav,1.524625
13.wav,اشرب,عاصم,ممتاز,data\clean\اشرب\13.wav,1.0303125
8.wav,اشرب,عاصم,ممتاز,data\clean\اشرب\8.wav,0.713625
24.wav,اصفر,أسيل,ضعيف,data\clean\اصفر\24.wav,0.938875
1.wav,اصفر,أحمد,ضعيف,data\clean\اصفر\1.wav,0.8291875
5.wav,اصفر,أحمد,ضعيف,data\clean\اصفر\5.wav,1.00975
6.wav,اصفر,أحمد,ضعيف,data\clean\اصفر\6.wav,0.964625
21.wav,اصفر,أسيل,ضعيف,data\clean\اصفر\21.wav,0.37275
2.wav,اصفر,أحمد,ضعيف,data\clean\اصفر\2.wav,1.0754375
4.wav,اصفر,أحمد,ضعيف,data\clean\اصفر\4.wav,0.6485625
1.wav,اكل,أحمد,ضعيف,data\clean\اكل\1.wav,1.15975
24.wav,اكل,أسيل,ضعيف,data\clean\اكل\24.wav,1.1000625
19.wav,اكل,هيفاء,جيد,data\clean\اكل\19.wav,0.6281875
10.wav,اكل,عاصم,ممتاز,data\clean\اكل\10.wav,0.879875
3.wav,اكل,أحمد,ضعيف,data\clean\اكل\3.wav,0.6765
16.wav,اكل,هيفاء,جيد,data\clean\اكل\16.wav,0.6903125
8.wav,اكل,عاصم,ممتاز,data\clean\اكل\8.wav,0.58575
22.wav,اكل,أسيل,ضعيف,data\clean\اكل\22.wav,1.1056875
14.wav,اكل,هيفاء,جيد,data\clean\اكل\14.wav,0.8456875
15.wav,اكل,هيفاء,جيد,data\clean\اكل\15.wav,0.7386875
5.wav,اكل,أحمد,ضعيف,data\clean\اكل\5.wav,0.759375
23.wav,اكل,أسيل,ضعيف,data\clean\اكل\23.wav,0.975375
6.wav,اكل,أحمد,ضعيف,data\clean\اكل\6.wav,0.84225
4.wav,اكل,أحمد,ضعيف,data\clean\اكل\4.wav,0.6765
11.wav,اكل,عاصم,ممتاز,data\clean\اكل\11.wav,1.019
17.wav,باب,هيفاء,جيد,data\clean\باب\17.wav,0.4925625
24.wav,باب,أسيل,ضعيف,data\clean\باب\24.wav,0.777875
0.wav,باب,أحمد,ضعيف,data\clean\باب\0.wav,0.9838125
4.wav,باب,أحمد,ضعيف,data\clean\باب\4.wav,0.665875
2.wav,باب,أحمد,ضعيف,data\clean\باب\2.wav,1.02975
18.wav,باب,هيفاء,جيد,data\clean\باب\18.wav,0.348625
21.wav,باب,أسيل,ضعيف,data\clean\باب\21.wav,0.7314375
1.wav,باب,أحمد,ضعيف,data\clean\باب\1.wav,0.862625
7.wav,باب,عاصم,ممتاز,data\clean\باب\7.wav,0.8243125
14.wav,باب,هيفاء,جيد,data\clean\باب\14.wav,0.7141875
10.wav,باب,عاصم,ممتاز,data\clean\باب\10.wav,0.7314375
20.wav,باب,هيفاء,جيد,data\clean\باب\20.wav,0.38075
23.wav,باب,أسيل,ضعيف,data\clean\باب\23.wav,0.986875
11.wav,باب,عاصم,ممتاز,data\clean\باب\11.wav,1.068125
12.wav,باب,عاصم,ممتاز,data\clean\باب\12.wav,0.685
8.wav,باب,عاصم,ممتاز,data\clean\باب\8.wav,0.777875
26.wav,بابا,أسيل,ضعيف,data\clean\بابا\26.wav,1.1325
3.wav,بابا,أحمد,ضعيف,data\clean\بابا\3.wav,0.5951875
0.wav,بابا,أحمد,ضعيف,data\clean\بابا\0.wav,0.7635
5.wav,بابا,أحمد,ضعيف,data\clean\بابا\5.wav,0.7141875
22.wav,بابا,أسيل,ضعيف,data\clean\بابا\22.wav,0.7383125
25.wav,بابا,أسيل,ضعيف,data\clean\بابا\25.wav,1.1898125
1.wav,بابا,أحمد,ضعيف,data\clean\بابا\1.wav,0.5171875
01.wav,بابا,أحمد,ضعيف,data\clean\بابا\01.wav,0.8168125
6.wav,بابا,أحمد,ضعيف,data\clean\بابا\6.wav,0.8004375
21.wav,بابا,أسيل,ضعيف,data\clean\بابا\21.wav,0.7859375
24.wav,باص,أسيل,ضعيف,data\clean\باص\24.wav,0.8045625
19.wav,باص,هيفاء,جيد,data\clean\باص\19.wav,0.6646875
0.wav,باص,أحمد,ضعيف,data\clean\باص\0.wav,0.9024375
18.wav,باص,هيفاء,جيد,data\clean\باص\18.wav,0.55875
3.wav,باص,أحمد,ضعيف,data\clean\باص\3.wav,1.25025
21.wav,باص,أسيل,ضعيف,data\clean\باص\21.wav,0.5669375
1.wav,باص,أحمد,ضعيف,data\clean\باص\1.wav,1.0155625
22.wav,باص,أسيل,ضعيف,data\clean\باص\22.wav,0.9143125
15.wav,باص,هيفاء,جيد,data\clean\باص\15.wav,1.249625
10.wav,باص,عاصم,ممتاز,data\clean\باص\10.wav,0.9640625
20.wav,باص,هيفاء,جيد,data\clean\باص\20.wav,0.6414375
7.wav,باص,عاصم,ممتاز,data\clean\باص\7.wav,0.651625
11.wav,باص,عاصم,ممتاز,data\clean\باص\11.wav,0.5455
14.wav,باص,هيفاء,جيد,data\clean\باص\14.wav,0.8200625
4.wav,باص,أحمد,ضعيف,data\clean\باص\4.wav,0.9473125
25.wav,باص,أسيل,ضعيف,data\clean\باص\25.wav,0.483875
0.wav,بسة,أحمد,ضعيف,data\clean\بسة\0.wav,0.882375
01.wav,بسة,أحمد,ضعيف,data\clean\بسة\01.wav,1.0216875
05.wav,بسة,أحمد,ضعيف,data\clean\بسة\05.wav,1.2074375
5.wav,بسة,أحمد,ضعيف,data\clean\بسة\5.wav,0.986875
24.wav,بسة,أسيل,ضعيف,data\clean\بسة\24.wav,0.91125
4.wav,بسة,أحمد,ضعيف,data\clean\بسة\4.wav,0.859125
21.wav,بسة,أسيل,ضعيف,data\clean\بسة\21.wav,0.7145
3.wav,بسة,أحمد,ضعيف,data\clean\بسة\3.wav,1.0220625
02.wav,بسة,أحمد,ضعيف,data\clean\بسة\02.wav,1.07975
22.wav,بسة,أسيل,ضعيف,data\clean\بسة\22.wav,0.811125
6.wav,بسة,أحمد,ضعيف,data\clean\بسة\6.wav,1.0333125
14.wav,بطة,هيفاء,جيد,data\clean\بطة\14.wav,0.80175
15.wav,بطة,هيفاء,جيد,data\clean\بطة\15.wav,0.82775
19.wav,بطة,هيفاء,جيد,data\clean\بطة\19.wav,0.679
16.wav,بطة,هيفاء,جيد,data\clean\بطة\16.wav,1.006375
19.wav,بيت,هيفاء,جيد,data\clean\بيت\19.wav,0.688125
3.wav,بيت,أحمد,ضعيف,data\clean\بيت\3.wav,0.6269375
0.wav,بيت,أحمد,ضعيف,data\clean\بيت\0.wav,0.6269375
5.wav,بيت,أحمد,ضعيف,data\clean\بيت\5.wav,0.963625
14.wav,بيت,هيفاء,جيد,data\clean\بيت\14.wav,0.5955625
18.wav,بيت,هيفاء,جيد,data\clean\بيت\18.wav,0.716
02.wav,بيت,أحمد,ضعيف,data\clean\بيت\02.wav,1.2886875
01.wav,بيت,أحمد,ضعيف,data\clean\بيت\01.wav,0.696625
6.wav,بيت,أحمد,ضعيف,data\clean\بيت\6.wav,0.963625
1.wav,بيت,أحمد,ضعيف,data\clean\بيت\1.wav,0.8010625
0.wav,بيض,أحمد,ضعيف,data\clean\بيض\0.wav,0.5108125
31.wav,بيض,وسام,متوسط,data\clean\بيض\31.wav,1.1144375
1.wav,بيض,أحمد,ضعيف,data\clean\بيض\1.wav,0.409
00.wav,بيض,أحمد,ضعيف,data\clean\بيض\00.wav,0.911375
33.wav,بيض,وسام,متوسط,data\clean\بيض\33.wav,1.4428125
04.wav,بيض,أحمد,ضعيف,data\clean\بيض\04.wav,0.6269375
5.wav,بيض,أحمد,ضعيف,data\clean\بيض\5.wav,0.7895
3.wav,بيض,أحمد,ضعيف,data\clean\بيض\3.wav,0.55725
02.wav,بيض,أحمد,ضعيف,data\clean\بيض\02.wav,0.3715
03.wav,بيض,أحمد,ضعيف,data\clean\بيض\03.wav,0.6908125
35.wav,بيض,وسام,متوسط,data\clean\بيض\35.wav,1.20475
30.wav,بيض,وسام,متوسط,data\clean\بيض\30.wav,1.0596875
36.wav,بيض,وسام,متوسط,data\clean\بيض\36.wav,0.691625
34.wav,بيض,وسام,متوسط,data\clean\بيض\34.wav,0.901
01.wav,بيض,أحمد,ضعيف,data\clean\بيض\01.wav,0.6385625
22.wav,تعبان,أسيل,ضعيف,data\clean\تعبان\22.wav,1.12525
24.wav,تعبان,أسيل,ضعيف,data\clean\تعبان\24.wav,0.7006875
21.wav,تعبان,أسيل,ضعيف,data\clean\تعبان\21.wav,1.1218125
0.wav,تفاح,أحمد,ضعيف,data\clean\تفاح\0.wav,0.6501875
05.wav,تفاح,أحمد,ضعيف,data\clean\تفاح\05.wav,0.7895
18.wav,تفاح,هيفاء,جيد,data\clean\تفاح\18.wav,0.764125
01.wav,تفاح,أحمد,ضعيف,data\clean\تفاح\01.wav,0.412125
15.wav,تفاح,هيفاء,جيد,data\clean\تفاح\15.wav,0.4929375
4.wav,تفاح,أحمد,ضعيف,data\clean\تفاح\4.wav,0.464375
03.wav,تفاح,أحمد,ضعيف,data\clean\تفاح\03.wav,0.8126875
2.wav,تفاح,أحمد,ضعيف,data\clean\تفاح\2.wav,0.8881875
3.wav,تفاح,أحمد,ضعيف,data\clean\تفاح\3.wav,0.702375
5.wav,تفاح,أحمد,ضعيف,data\clean\تفاح\5.wav,0.5746875
02.wav,تفاح,أحمد,ضعيف,data\clean\تفاح\02.wav,0.754625
16.wav,تفاح,هيفاء,جيد,data\clean\تفاح\16.wav,0.9149375
6.wav,تفاح,أحمد,ضعيف,data\clean\تفاح\6.wav,0.7895
21.wav,تفاحة,أسيل,ضعيف,data\clean\تفاحة\21.wav,0.685
22.wav,تفاحة,أسيل,ضعيف,data\clean\تفاحة\22.wav,0.5485625
26.wav,تفاحة,أسيل,ضعيف,data\clean\تفاحة\26.wav,0.5108125
23.wav,تفاحة,أسيل,ضعيف,data\clean\تفاحة\23.wav,0.635625
1.wav,تمر,أحمد,ضعيف,data\clean\تمر\1.wav,0.63275
4.wav,تمر,أحمد,ضعيف,data\clean\تمر\4.wav,0.458625
27.wav,تمر,أسيل,ضعيف,data\clean\تمر\27.wav,0.5051875
14.wav,تمر,هيفاء,جيد,data\clean\تمر\14.wav,0.939
20.wav,تمر,هيفاء,جيد,data\clean\تمر\20.wav,0.8133125
18.wav,تمر,هيفاء,جيد,data\clean\تمر\18.wav,0.617875
23.wav,تمر,أسيل,ضعيف,data\clean\تمر\23.wav,0.5955
16.wav,تمر,هيفاء,جيد,data\clean\تمر\16.wav,0.7679375
7.wav,تمر,عاصم,ممتاز,data\clean\تمر\7.wav,0.6248125
3.wav,تمر,أحمد,ضعيف,data\clean\تمر\3.wav,0.6269375
25.wav,تمر,أسيل,ضعيف,data\clean\تمر\25.wav,0.488125
15.wav,تمر,هيفاء,جيد,data\clean\تمر\15.wav,0.84825
21.wav,تمر,أسيل,ضعيف,data\clean\تمر\21.wav,0.446625
8.wav,تمر,عاصم,ممتاز,data\clean\تمر\8.wav,0.3560625
17.wav,ثلاثة,هيفاء,جيد,data\clean\ثلاثة\17.wav,1.071
25.wav,ثلاثة,أسيل,ضعيف,data\clean\ثلاثة\25.wav,0.788125
0.wav,ثلاثة,أحمد,ضعيف,data\clean\ثلاثة\0.wav,0.40925
8.wav,ثلاثة,عاصم,ممتاز,data\clean\ثلاثة\8.wav,0.45275
2.wav,ثلاثة,أحمد,ضعيف,data\clean\ثلاثة\2.wav,0.8215
18.wav,ثلاثة,هيفاء,جيد,data\clean\ثلاثة\18.wav,0.806875
22.wav,ثلاثة,أسيل,ضعيف,data\clean\ثلاثة\22.wav,0.6839375
1.wav,ثلاثة,أحمد,ضعيف,data\clean\ثلاثة\1.wav,0.6281875
7.wav,ثلاثة,عاصم,ممتاز,data\clean\ثلاثة\7.wav,0.8243125
13.wav,ثلاثة,عاصم,ممتاز,data\clean\ثلاثة\13.wav,0.745625
10.wav,ثلاثة,عاصم,ممتاز,data\clean\ثلاثة\10.wav,0.731
21.wav,ثلاثة,أسيل,ضعيف,data\clean\ثلاثة\21.wav,0.8106875
24.wav,ثلاثة,أسيل,ضعيف,data\clean\ثلاثة\24.wav,0.823
11.wav,ثلاثة,عاصم,ممتاز,data\clean\ثلاثة\11.wav,0.601625
12.wav,ثلاثة,عاصم,ممتاز,data\clean\ثلاثة\12.wav,0.798125
5.wav,ثلاثة,أحمد,ضعيف,data\clean\ثلاثة\5.wav,0.568875
26.wav,ثلاثة,أسيل,ضعيف,data\clean\ثلاثة\26.wav,0.7270625
24.wav,ثوب,أسيل,ضعيف,data\clean\ثوب\24.wav,0.4564375
15.wav,ثوب,هيفاء,جيد,data\clean\ثوب\15.wav,0.7330625
21.wav,ثوب,أسيل,ضعيف,data\clean\ثوب\21.wav,0.6834375
14.wav,ثوب,هيفاء,جيد,data\clean\ثوب\14.wav,0.3420625
23.wav,ثوب,أسيل,ضعيف,data\clean\ثوب\23.wav,0.4955
16.wav,ثوب,هيفاء,جيد,data\clean\ثوب\16.wav,1.0436875
25.wav,ثوب,أسيل,ضعيف,data\clean\ثوب\25.wav,0.69075
0.wav,جا,أحمد,ضعيف,data\clean\جا\0.wav,0.8359375
22.wav,جا,أسيل,ضعيف,data\clean\جا\22.wav,0.7265
18.wav,جا,هيفاء,جيد,data\clean\جا\18.wav,0.82375
1.wav,جا,أحمد,ضعيف,data\clean\جا\1.wav,1.3931875
24.wav,جا,أسيل,ضعيف,data\clean\جا\24.wav,0.6146875
15.wav,جا,هيفاء,جيد,data\clean\جا\15.wav,0.6809375
8.wav,جا,عاصم,ممتاز,data\clean\جا\8.wav,0.44175
20.wav,جا,هيفاء,جيد,data\clean\جا\20.wav,0.868875
11.wav,جا,عاصم,ممتاز,data\clean\جا\11.wav,0.89575
14.wav,جا,هيفاء,جيد,data\clean\جا\14.wav,0.643125
3.wav,جا,أحمد,ضعيف,data\clean\جا\3.wav,0.7895
21.wav,جا,أسيل,ضعيف,data\clean\جا\21.wav,0.5854375
4.wav,جا,أحمد,ضعيف,data\clean\جا\4.wav,0.2421875
25.wav,جا,أسيل,ضعيف,data\clean\جا\25.wav,0.797375
10.wav,جا,عاصم,ممتاز,data\clean\جا\10.wav,0.8933125
21.wav,جبل,أسيل,ضعيف,data\clean\جبل\21.wav,0.6614375
3.wav,جبل,أحمد,ضعيف,data\clean\جبل\3.wav,0.9171875
0.wav,جبل,أحمد,ضعيف,data\clean\جبل\0.wav,0.859125
5.wav,جبل,أحمد,ضعيف,data\clean\جبل\5.wav,0.777875
16.wav,جبل,هيفاء,جيد,data\clean\جبل\16.wav,1.0331875
2.wav,جبل,أحمد,ضعيف,data\clean\جبل\2.wav,0.8939375
1.wav,جبل,أحمد,ضعيف,data\clean\جبل\1.wav,1.4976875
01.wav,جبل,أحمد,ضعيف,data\clean\جبل\01.wav,0.8475
6.wav,جبل,أحمد,ضعيف,data\clean\جبل\6.wav,0.9055625
15.wav,جبل,هيفاء,جيد,data\clean\جبل\15.wav,0.469625
22.wav,جد,أسيل,ضعيف,data\clean\جد\22.wav,0.484375
25.wav,جد,أسيل,ضعيف,data\clean\جد\25.wav,0.79425
23.wav,جد,أسيل,ضعيف,data\clean\جد\23.wav,0.7183125
21.wav,جدة,أسيل,ضعيف,data\clean\جدة\21.wav,0.8250625
22.wav,جدة,أسيل,ضعيف,data\clean\جدة\22.wav,0.8599375
26.wav,جدة,أسيل,ضعيف,data\clean\جدة\26.wav,1.06725
23.wav,جدة,أسيل,ضعيف,data\clean\جدة\23.wav,0.9728125
22.wav,جمل,أسيل,ضعيف,data\clean\جمل\22.wav,0.923
25.wav,جمل,أسيل,ضعيف,data\clean\جمل\25.wav,0.9288125
23.wav,جمل,أسيل,ضعيف,data\clean\جمل\23.wav,0.7720625
30.wav,جوع,وسام,متوسط,data\clean\جوع\30.wav,1.188625
34.wav,جوع,وسام,متوسط,data\clean\جوع\34.wav,1.0421875
29.wav,جوع,وسام,متوسط,data\clean\جوع\29.wav,1.0934375
36.wav,جوع,وسام,متوسط,data\clean\جوع\36.wav,1.0006875
31.wav,جوع,وسام,متوسط,data\clean\جوع\31.wav,1.1544375
33.wav,جوع,وسام,متوسط,data\clean\جوع\33.wav,1.03975
19.wav,حاسب,هيفاء,جيد,data\clean\حاسب\19.wav,0.9910625
015.wav,حاسب,هيفاء,جيد,data\clean\حاسب\015.wav,0.9121875
16.wav,حاسب,هيفاء,جيد,data\clean\حاسب\16.wav,0.6720625
014.wav,حاسب,هيفاء,جيد,data\clean\حاسب\014.wav,0.940875
18.wav,حاسب,هيفاء,جيد,data\clean\حاسب\18.wav,1.025125
016.wav,حاسب,هيفاء,جيد,data\clean\حاسب\016.wav,1.387125
20.wav,حاسب,هيفاء,جيد,data\clean\حاسب\20.wav,0.75625
0.wav,حافظ,أحمد,ضعيف,data\clean\حافظ\0.wav,1.0565
01.wav,حافظ,أحمد,ضعيف,data\clean\حافظ\01.wav,0.8475
3.wav,حافظ,أحمد,ضعيف,data\clean\حافظ\3.wav,1.0100625
5.wav,حافظ,أحمد,ضعيف,data\clean\حافظ\5.wav,0.9288125
4.wav,حافظ,أحمد,ضعيف,data\clean\حافظ\4.wav,1.0565
35.wav,حافظ,وسام,متوسط,data\clean\حافظ\35.wav,1.2276875
32.wav,حافظ,وسام,متوسط,data\clean\حافظ\32.wav,1.0836875
33.wav,حافظ,وسام,متوسط,data\clean\حافظ\33.wav,1.0665625
1.wav,حافظ,أحمد,ضعيف,data\clean\حافظ\1.wav,0.8010625
6.wav,حافظ,أحمد,ضعيف,data\clean\حافظ\6.wav,1.13775
29.wav,حافظ,وسام,متوسط,data\clean\حافظ\29.wav,0.8810625
22.wav,حليب,أسيل,ضعيف,data\clean\حليب\22.wav,0.654125
24.wav,حليب,أسيل,ضعيف,data\clean\حليب\24.wav,0.6150625
1.wav,حليب,أحمد,ضعيف,data\clean\حليب\1.wav,0.7895
25.wav,حليب,أسيل,ضعيف,data\clean\حليب\25.wav,0.6931875
18.wav,حليب,هيفاء,جيد,data\clean\حليب\18.wav,1.16825
21.wav,حليب,أسيل,ضعيف,data\clean\حليب\21.wav,0.6321875
15.wav,حليب,هيفاء,جيد,data\clean\حليب\15.wav,0.8864375
14.wav,حليب,هيفاء,جيد,data\clean\حليب\14.wav,0.9510625
3.wav,حليب,أحمد,ضعيف,data\clean\حليب\3.wav,0.8939375
5.wav,خايف,أحمد,ضعيف,data\clean\خايف\5.wav,0.8010625
3.wav,خايف,أحمد,ضعيف,data\clean\خايف\3.wav,0.9288125
0.wav,خايف,أحمد,ضعيف,data\clean\خايف\0.wav,0.87075
25.wav,خايف,أسيل,ضعيف,data\clean\خايف\25.wav,0.69725
22.wav,خايف,أسيل,ضعيف,data\clean\خايف\22.wav,0.686875
1.wav,خايف,أحمد,ضعيف,data\clean\خايف\1.wav,0.963625
01.wav,خايف,أحمد,ضعيف,data\clean\خايف\01.wav,0.696625
6.wav,خايف,أحمد,ضعيف,data\clean\خايف\6.wav,0.859125
21.wav,خايف,أسيل,ضعيف,data\clean\خايف\21.wav,0.76975
24.wav,خبز,أسيل,ضعيف,data\clean\خبز\24.wav,0.587
1.wav,خبز,أحمد,ضعيف,data\clean\خبز\1.wav,1.068125
5.wav,خبز,أحمد,ضعيف,data\clean\خبز\5.wav,0.7314375
6.wav,خبز,أحمد,ضعيف,data\clean\خبز\6.wav,0.7081875
21.wav,خبز,أسيل,ضعيف,data\clean\خبز\21.wav,0.652625
2.wav,خبز,أحمد,ضعيف,data\clean\خبز\2.wav,0.7314375
4.wav,خبز,أحمد,ضعيف,data\clean\خبز\4.wav,0.7895
32.wav,خروف,وسام,متوسط,data\clean\خروف\32.wav,1.0769375
34.wav,خروف,وسام,متوسط,data\clean\خروف\34.wav,1.0355
1.wav,خروف,أحمد,ضعيف,data\clean\خروف\1.wav,0.9984375
35.wav,خروف,وسام,متوسط,data\clean\خروف\35.wav,0.9665
2.wav,خروف,أحمد,ضعيف,data\clean\خروف\2.wav,0.7198125
31.wav,خروف,وسام,متوسط,data\clean\خروف\31.wav,1.028625
15.wav,خروف,هيفاء,جيد,data\clean\خروف\15.wav,1.1036875
14.wav,خروف,هيفاء,جيد,data\clean\خروف\14.wav,1.27975
36.wav,خروف,وسام,متوسط,data\clean\خروف\36.wav,1.23225
0.wav,خلاص,أحمد,ضعيف,data\clean\خلاص\0.wav,0.754625
15.wav,خلاص,هيفاء,جيد,data\clean\خلاص\15.wav,0.96275
21.wav,خلاص,أسيل,ضعيف,data\clean\خلاص\21.wav,0.6053125
01.wav,خلاص,أحمد,ضعيف,data\clean\خلاص\01.wav,0.9984375
18.wav,خلاص,هيفاء,جيد,data\clean\خلاص\18.wav,1.133
5.wav,خلاص,أحمد,ضعيف,data\clean\خلاص\5.wav,0.8359375
1.wav,خلاص,أحمد,ضعيف,data\clean\خلاص\1.wav,1.044875
29.wav,خلاص,وسام,متوسط,data\clean\خلاص\29.wav,0.5556875
4.wav,خلاص,أحمد,ضعيف,data\clean\خلاص\4.wav,0.9404375
6.wav,خلاص,أحمد,ضعيف,data\clean\خلاص\6.wav,0.7314375
02.wav,خلاص,أحمد,ضعيف,data\clean\خلاص\02.wav,0.777875
19.wav,خلاص,هيفاء,جيد,data\clean\خلاص\19.wav,1.0919375
7.wav,خلاص,عاصم,ممتاز,data\clean\خلاص\7.wav,0.5531875
21.wav,خمسة,أسيل,ضعيف,data\clean\خمسة\21.wav,0.763375
22.wav,خمسة,أسيل,ضعيف,data\clean\خمسة\22.wav,0.9079375
7.wav,خمسة,عاصم,ممتاز,data\clean\خمسة\7.wav,0.7005
23.wav,خمسة,أسيل,ضعيف,data\clean\خمسة\23.wav,1.0250625
23.wav,دجاج,أسيل,ضعيف,data\clean\دجاج\23.wav,0.721375
18.wav,دجاج,هيفاء,جيد,data\clean\دجاج\18.wav,1.1100625
0.wav,دجاج,أحمد,ضعيف,data\clean\دجاج\0.wav,1.0100625
17.wav,دجاج,هيفاء,جيد,data\clean\دجاج\17.wav,1.1189375
25.wav,دجاج,أسيل,ضعيف,data\clean\دجاج\25.wav,1.0216875
20.wav,دجاج,هيفاء,جيد,data\clean\دجاج\20.wav,0.9111875
01.wav,دجاج,أحمد,ضعيف,data\clean\دجاج\01.wav,1.2074375
21.wav,دجاج,أسيل,ضعيف,data\clean\دجاج\21.wav,0.7145
14.wav,دجاج,هيفاء,جيد,data\clean\دجاج\14.wav,0.708375
02.wav,دجاج,أحمد,ضعيف,data\clean\دجاج\02.wav,1.0913125
2.wav,دجاج,أحمد,ضعيف,data\clean\دجاج\2.wav,0.8243125
4.wav,دجاج,أحمد,ضعيف,data\clean\دجاج\4.wav,0.9984375
04.wav,دجاج,أحمد,ضعيف,data\clean\دجاج\04.wav,0.9288125
1.wav,دجاج,أحمد,ضعيف,data\clean\دجاج\1.wav,1.0913125
26.wav,دجاج,أسيل,ضعيف,data\clean\دجاج\26.wav,0.8353125
24.wav,دجاج,أسيل,ضعيف,data\clean\دجاج\24.wav,0.7145
4.wav,ذيب,أحمد,ضعيف,data\clean\ذيب\4.wav,1.0100625
2.wav,ذيب,أحمد,ضعيف,data\clean\ذيب\2.wav,0.754625
0.wav,ذيب,أحمد,ضعيف,data\clean\ذيب\0.wav,0.6501875
19.wav,ذيب,هيفاء,جيد,data\clean\ذيب\19.wav,1.00975
16.wav,ذيب,هيفاء,جيد,data\clean\ذيب\16.wav,1.4148125
1.wav,ذيب,أحمد,ضعيف,data\clean\ذيب\1.wav,0.6501875
01.wav,ذيب,أحمد,ضعيف,data\clean\ذيب\01.wav,0.9171875
6.wav,ذيب,أحمد,ضعيف,data\clean\ذيب\6.wav,0.66175
15.wav,ذيب,هيفاء,جيد,data\clean\ذيب\15.wav,1.3678125
1.wav,راح,أحمد,ضعيف,data\clean\راح\1.wav,1.2074375
24.wav,راح,أسيل,ضعيف,data\clean\راح\24.wav,0.853
18.wav,راح,هيفاء,جيد,data\clean\راح\18.wav,0.9066875
10.wav,راح,عاصم,ممتاز,data\clean\راح\10.wav,0.334375
26.wav,راح,أسيل,ضعيف,data\clean\راح\26.wav,0.637125
14.wav,راح,هيفاء,جيد,data\clean\راح\14.wav,1.2008125
8.wav,راح,عاصم,ممتاز,data\clean\راح\8.wav,0.859125
22.wav,راح,أسيل,ضعيف,data\clean\راح\22.wav,1.05
12.wav,راح,عاصم,ممتاز,data\clean\راح\12.wav,0.478375
13.wav,راح,عاصم,ممتاز,data\clean\راح\13.wav,0.31975
4.wav,راح,أحمد,ضعيف,data\clean\راح\4.wav,1.068125
23.wav,راح,أسيل,ضعيف,data\clean\راح\23.wav,1.0771875
5.wav,راح,أحمد,ضعيف,data\clean\راح\5.wav,1.3003125
3.wav,راح,أحمد,ضعيف,data\clean\راح\3.wav,1.6718125
11.wav,راح,عاصم,ممتاز,data\clean\راح\11.wav,0.3880625
5.wav,راس,أحمد,ضعيف,data\clean\راس\5.wav,0.952
4.wav,راس,أحمد,ضعيف,data\clean\راس\4.wav,0.97525
0.wav,راس,أحمد,ضعيف,data\clean\راس\0.wav,0.952
3.wav,راس,أحمد,ضعيف,data\clean\راس\3.wav,1.13775
17.wav,راس,هيفاء,جيد,data\clean\راس\17.wav,0.774875
14.wav,راس,هيفاء,جيد,data\clean\راس\14.wav,0.9745
1.wav,راس,أحمد,ضعيف,data\clean\راس\1.wav,0.9171875
6.wav,راس,أحمد,ضعيف,data\clean\راس\6.wav,0.87075
0.wav,رز,أحمد,ضعيف,data\clean\رز\0.wav,0.952
21.wav,رز,أسيل,ضعيف,data\clean\رز\21.wav,0.9288125
17.wav,رز,هيفاء,جيد,data\clean\رز\17.wav,0.3801875
01.wav,رز,أحمد,ضعيف,data\clean\رز\01.wav,1.149375
23.wav,رز,أسيل,ضعيف,data\clean\رز\23.wav,0.98375
14.wav,رز,هيفاء,جيد,data\clean\رز\14.wav,0.415625
5.wav,رز,أحمد,ضعيف,data\clean\رز\5.wav,0.8475
2.wav,رز,أحمد,ضعيف,data\clean\رز\2.wav,1.0100625
03.wav,رز,أحمد,ضعيف,data\clean\رز\03.wav,0.859125
1.wav,رز,أحمد,ضعيف,data\clean\رز\1.wav,0.97525
25.wav,رز,أسيل,ضعيف,data\clean\رز\25.wav,0.9940625
20.wav,رز,هيفاء,جيد,data\clean\رز\20.wav,0.690625
26.wav,رز,أسيل,ضعيف,data\clean\رز\26.wav,0.8076875
24.wav,رز,أسيل,ضعيف,data\clean\رز\24.wav,0.862875
02.wav,رز,أحمد,ضعيف,data\clean\رز\02.wav,0.9404375
21.wav,زعلان,أسيل,ضعيف,data\clean\زعلان\21.wav,0.9423125
22.wav,زعلان,أسيل,ضعيف,data\clean\زعلان\22.wav,0.6765
26.wav,زعلان,أسيل,ضعيف,data\clean\زعلان\26.wav,0.7110625
23.wav,زعلان,أسيل,ضعيف,data\clean\زعلان\23.wav,1.12525
20.wav,زيت,هيفاء,جيد,data\clean\زيت\20.wav,0.833625
4.wav,زيت,أحمد,ضعيف,data\clean\زيت\4.wav,0.7081875
0.wav,زيت,أحمد,ضعيف,data\clean\زيت\0.wav,1.149375
5.wav,زيت,أحمد,ضعيف,data\clean\زيت\5.wav,0.9404375
17.wav,زيت,هيفاء,جيد,data\clean\زيت\17.wav,0.7925
2.wav,زيت,أحمد,ضعيف,data\clean\زيت\2.wav,0.8126875
14.wav,زيت,هيفاء,جيد,data\clean\زيت\14.wav,0.93925
1.wav,زيت,أحمد,ضعيف,data\clean\زيت\1.wav,0.9404375
6.wav,زيت,أحمد,ضعيف,data\clean\زيت\6.wav,0.859125
25.wav,سبورة,أسيل,ضعيف,data\clean\سبورة\25.wav,0.9664375
23.wav,سبورة,أسيل,ضعيف,data\clean\سبورة\23.wav,0.8421875
14.wav,سبورة,هيفاء,جيد,data\clean\سبورة\14.wav,1.1823125
22.wav,سبورة,أسيل,ضعيف,data\clean\سبورة\22.wav,0.8008125
19.wav,سبورة,هيفاء,جيد,data\clean\سبورة\19.wav,1.0239375
16.wav,سبورة,هيفاء,جيد,data\clean\سبورة\16.wav,1.0340625
15.wav,سبورة,هيفاء,جيد,data\clean\سبورة\15.wav,0.88075
26.wav,سبورة,أسيل,ضعيف,data\clean\سبورة\26.wav,0.8456875
18.wav,سبورة,هيفاء,جيد,data\clean\سبورة\18.wav,0.966875
1.wav,ستة,أحمد,ضعيف,data\clean\ستة\1.wav,0.7546875
5.wav,ستة,أحمد,ضعيف,data\clean\ستة\5.wav,0.7430625
0.wav,ستة,أحمد,ضعيف,data\clean\ستة\0.wav,0.9520625
7.wav,ستة,عاصم,ممتاز,data\clean\ستة\7.wav,0.6239375
2.wav,ستة,أحمد,ضعيف,data\clean\ستة\2.wav,0.882375
4.wav,ستة,أحمد,ضعيف,data\clean\ستة\4.wav,0.8243125
1.wav,سرير,أحمد,ضعيف,data\clean\سرير\1.wav,0.8126875
14.wav,سرير,هيفاء,جيد,data\clean\سرير\14.wav,0.9071875
20.wav,سرير,هيفاء,جيد,data\clean\سرير\20.wav,1.0261875
18.wav,سرير,هيفاء,جيد,data\clean\سرير\18.wav,0.7604375
16.wav,سرير,هيفاء,جيد,data\clean\سرير\16.wav,0.86925
25.wav,سرير,أسيل,ضعيف,data\clean\سرير\25.wav,0.680625
7.wav,سرير,عاصم,ممتاز,data\clean\سرير\7.wav,0.776625
4.wav,سرير,أحمد,ضعيف,data\clean\سرير\4.wav,0.9250625
23.wav,سرير,أسيل,ضعيف,data\clean\سرير\23.wav,0.852625
15.wav,سرير,هيفاء,جيد,data\clean\سرير\15.wav,0.850125
21.wav,سرير,أسيل,ضعيف,data\clean\سرير\21.wav,1.0808125
8.wav,سرير,عاصم,ممتاز,data\clean\سرير\8.wav,0.5340625
14.wav,سمك,هيفاء,جيد,data\clean\سمك\14.wav,0.93925
33.wav,سمك,وسام,متوسط,data\clean\سمك\33.wav,0.7559375
31.wav,سمك,وسام,متوسط,data\clean\سمك\31.wav,0.686875
15.wav,سمك,هيفاء,جيد,data\clean\سمك\15.wav,0.9099375
22.wav,سمك,أسيل,ضعيف,data\clean\سمك\22.wav,0.9694375
19.wav,سمك,هيفاء,جيد,data\clean\سمك\19.wav,1.003875
25.wav,سمك,أسيل,ضعيف,data\clean\سمك\25.wav,1.3641875
17.wav,سمك,هيفاء,جيد,data\clean\سمك\17.wav,0.857125
34.wav,سمك,وسام,متوسط,data\clean\سمك\34.wav,1.05275
32.wav,سمك,وسام,متوسط,data\clean\سمك\32.wav,0.866375
29.wav,سمك,وسام,متوسط,data\clean\سمك\29.wav,0.742125
16.wav,سمك,هيفاء,جيد,data\clean\سمك\16.wav,1.1565
23.wav,سمك,أسيل,ضعيف,data\clean\سمك\23.wav,0.9578125
36.wav,سمك,وسام,متوسط,data\clean\سمك\36.wav,0.704125
0.wav,شمس,أحمد,ضعيف,data\clean\شمس\0.wav,0.986875
01.wav,شمس,أحمد,ضعيف,data\clean\شمس\01.wav,0.7895
16.wav,شمس,هيفاء,جيد,data\clean\شمس\16.wav,0.93925
5.wav,شمس,أحمد,ضعيف,data\clean\شمس\5.wav,0.8010625
4.wav,شمس,أحمد,ضعيف,data\clean\شمس\4.wav,0.952
21.wav,شمس,أسيل,ضعيف,data\clean\شمس\21.wav,0.673375
19.wav,شمس,هيفاء,جيد,data\clean\شمس\19.wav,0.7514375
2.wav,شمس,أحمد,ضعيف,data\clean\شمس\2.wav,1.1029375
1.wav,شمس,أحمد,ضعيف,data\clean\شمس\1.wav,0.963625
6.wav,شمس,أحمد,ضعيف,data\clean\شمس\6.wav,0.8475
15.wav,شمس,هيفاء,جيد,data\clean\شمس\15.wav,0.998
29.wav,صاروخ,وسام,متوسط,data\clean\صاروخ\29.wav,0.9143125
30.wav,صاروخ,وسام,متوسط,data\clean\صاروخ\30.wav,1.189
34.wav,صاروخ,وسام,متوسط,data\clean\صاروخ\34.wav,1.28725
31.wav,صاروخ,وسام,متوسط,data\clean\صاروخ\31.wav,1.0325625
33.wav,صاروخ,وسام,متوسط,data\clean\صاروخ\33.wav,1.3494375
14.wav,صقر,هيفاء,جيد,data\clean\صقر\14.wav,0.7220625
15.wav,صقر,هيفاء,جيد,data\clean\صقر\15.wav,1.2563125
19.wav,صقر,هيفاء,جيد,data\clean\صقر\19.wav,1.2035
16.wav,صقر,هيفاء,جيد,data\clean\صقر\16.wav,1.03325
18.wav,صقر,هيفاء,جيد,data\clean\صقر\18.wav,0.8395
30.wav,صمغ,وسام,متوسط,data\clean\صمغ\30.wav,0.7444375
34.wav,صمغ,وسام,متوسط,data\clean\صمغ\34.wav,0.651625
29.wav,صمغ,وسام,متوسط,data\clean\صمغ\29.wav,0.5833125
36.wav,صمغ,وسام,متوسط,data\clean\صمغ\36.wav,0.4759375
31.wav,صمغ,وسام,متوسط,data\clean\صمغ\31.wav,0.9665
33.wav,صمغ,وسام,متوسط,data\clean\صمغ\33.wav,0.69075
0.wav,ضوء,أحمد,ضعيف,data\clean\ضوء\0.wav,0.6153125
01.wav,ضوء,أحمد,ضعيف,data\clean\ضوء\01.wav,0.9288125
16.wav,ضوء,هيفاء,جيد,data\clean\ضوء\16.wav,0.5479375
1.wav,ضوء,أحمد,ضعيف,data\clean\ضوء\1.wav,13.53725
03.wav,ضوء,أحمد,ضعيف,data\clean\ضوء\03.wav,0.754625
20.wav,ضوء,هيفاء,جيد,data\clean\ضوء\20.wav,0.5849375
5.wav,ضوء,أحمد,ضعيف,data\clean\ضوء\5.wav,0.76625
4.wav,ضوء,أحمد,ضعيف,data\clean\ضوء\4.wav,0.7198125
19.wav,ضوء,هيفاء,جيد,data\clean\ضوء\19.wav,0.6491875
02.wav,ضوء,أحمد,ضعيف,data\clean\ضوء\02.wav,0.7430625
17.wav,ضوء,هيفاء,جيد,data\clean\ضوء\17.wav,0.8515625
6.wav,ضوء,أحمد,ضعيف,data\clean\ضوء\6.wav,0.7895
29.wav,طريق,وسام,متوسط,data\clean\طريق\29.wav,1.3495625
30.wav,طريق,وسام,متوسط,data\clean\طريق\30.wav,1.55325
34.wav,طريق,وسام,متوسط,data\clean\طريق\34.wav,0.4763125
31.wav,طريق,وسام,متوسط,data\clean\طريق\31.wav,1.51525
19.wav,طير,هيفاء,جيد,data\clean\طير\19.wav,1.0288125
015.wav,طير,هيفاء,جيد,data\clean\طير\015.wav,1.0655
16.wav,طير,هيفاء,جيد,data\clean\طير\16.wav,0.9099375
014.wav,طير,هيفاء,جيد,data\clean\طير\014.wav,0.9378125
18.wav,طير,هيفاء,جيد,data\clean\طير\18.wav,0.7851875
016.wav,طير,هيفاء,جيد,data\clean\طير\016.wav,0.980375
20.wav,طير,هيفاء,جيد,data\clean\طير\20.wav,1.1345
14.wav,ظهر,هيفاء,جيد,data\clean\ظهر\14.wav,0.46725
15.wav,ظهر,هيفاء,جيد,data\clean\ظهر\15.wav,0.880125
19.wav,ظهر,هيفاء,جيد,data\clean\ظهر\19.wav,0.9435625
16.wav,ظهر,هيفاء,جيد,data\clean\ظهر\16.wav,0.702875
18.wav,ظهر,هيفاء,جيد,data\clean\ظهر\18.wav,0.674375
15.wav,عربية,هيفاء,جيد,data\clean\عربية\15.wav,0.957
18.wav,عربية,هيفاء,جيد,data\clean\عربية\18.wav,0.8505625
16.wav,عربية,هيفاء,جيد,data\clean\عربية\16.wav,1.3584375
22.wav,عصفور,أسيل,ضعيف,data\clean\عصفور\22.wav,0.87675
25.wav,عصفور,أسيل,ضعيف,data\clean\عصفور\25.wav,1.0061875
23.wav,عصفور,أسيل,ضعيف,data\clean\عصفور\23.wav,0.956125
19.wav,علم,هيفاء,جيد,data\clean\علم\19.wav,0.584125
3.wav,علم,أحمد,ضعيف,data\clean\علم\3.wav,0.8243125
01.wav,علم,أحمد,ضعيف,data\clean\علم\01.wav,0.8359375
5.wav,علم,أحمد,ضعيف,data\clean\علم\5.wav,0.882375
15.wav,علم,هيفاء,جيد,data\clean\علم\15.wav,0.62225
18.wav,علم,هيفاء,جيد,data\clean\علم\18.wav,0.6091875
03.wav,علم,أحمد,ضعيف,data\clean\علم\03.wav,0.777875
02.wav,علم,أحمد,ضعيف,data\clean\علم\02.wav,0.696625
6.wav,علم,أحمد,ضعيف,data\clean\علم\6.wav,0.685
14.wav,علم,هيفاء,جيد,data\clean\علم\14.wav,1.0640625
2.wav,عين,أحمد,ضعيف,data\clean\عين\2.wav,0.952
25.wav,عين,أسيل,ضعيف,data\clean\عين\25.wav,0.6920625
21.wav,عين,أسيل,ضعيف,data\clean\عين\21.wav,0.5764375
33.wav,عين,وسام,متوسط,data\clean\عين\33.wav,0.8215
0.wav,عين,أحمد,ضعيف,data\clean\عين\0.wav,1.044875
23.wav,عين,أسيل,ضعيف,data\clean\عين\23.wav,0.686875
29.wav,عين,وسام,متوسط,data\clean\عين\29.wav,1.204625
3.wav,عين,أحمد,ضعيف,data\clean\عين\3.wav,1.149375
24.wav,عين,أسيل,ضعيف,data\clean\عين\24.wav,0.7386875
4.wav,عين,أحمد,ضعيف,data\clean\عين\4.wav,0.6269375
1.wav,عين,أحمد,ضعيف,data\clean\عين\1.wav,0.963625
16.wav,عين,هيفاء,جيد,data\clean\عين\16.wav,0.6575
17.wav,عين,هيفاء,جيد,data\clean\عين\17.wav,0.32875
14.wav,عين,هيفاء,جيد,data\clean\عين\14.wav,0.47375
27.wav,عين,أسيل,ضعيف,data\clean\عين\27.wav,0.7559375
34.wav,عين,وسام,متوسط,data\clean\عين\34.wav,1.028625
15.wav,عين,هيفاء,جيد,data\clean\عين\15.wav,0.381875
5.wav,عين,أحمد,ضعيف,data\clean\عين\5.wav,0.7430625
0.wav,فراش,أحمد,ضعيف,data\clean\فراش\0.wav,1.3815625
01.wav,فراش,أحمد,ضعيف,data\clean\فراش\01.wav,0.9404375
1.wav,فراش,أحمد,ضعيف,data\clean\فراش\1.wav,0.9171875
5.wav,فراش,أحمد,ضعيف,data\clean\فراش\5.wav,0.952
32.wav,فراش,وسام,متوسط,data\clean\فراش\32.wav,0.8765625
4.wav,فراش,أحمد,ضعيف,data\clean\فراش\4.wav,0.7314375
3.wav,فراش,أحمد,ضعيف,data\clean\فراش\3.wav,0.7314375
34.wav,فراش,وسام,متوسط,data\clean\فراش\34.wav,1.309
02.wav,فراش,أحمد,ضعيف,data\clean\فراش\02.wav,1.1841875
30.wav,فراش,وسام,متوسط,data\clean\فراش\30.wav,1.1029375
6.wav,فراش,أحمد,ضعيف,data\clean\فراش\6.wav,1.0216875
21.wav,فرحان,أسيل,ضعيف,data\clean\فرحان\21.wav,0.8933125
22.wav,فرحان,أسيل,ضعيف,data\clean\فرحان\22.wav,1.0508125
26.wav,فرحان,أسيل,ضعيف,data\clean\فرحان\26.wav,0.707625
23.wav,فرحان,أسيل,ضعيف,data\clean\فرحان\23.wav,0.60925
14.wav,فم,هيفاء,جيد,data\clean\فم\14.wav,0.7775625
15.wav,فم,هيفاء,جيد,data\clean\فم\15.wav,0.836125
19.wav,فم,هيفاء,جيد,data\clean\فم\19.wav,0.6780625
16.wav,فم,هيفاء,جيد,data\clean\فم\16.wav,0.6454375
30.wav,فيل,وسام,متوسط,data\clean\فيل\30.wav,1.3205
23.wav,فيل,أسيل,ضعيف,data\clean\فيل\23.wav,0.759375
0.wav,فيل,أحمد,ضعيف,data\clean\فيل\0.wav,1.07975
22.wav,فيل,أسيل,ضعيف,data\clean\فيل\22.wav,0.6195625
32.wav,فيل,وسام,متوسط,data\clean\فيل\32.wav,1.06175
26.wav,فيل,أسيل,ضعيف,data\clean\فيل\26.wav,0.954375
01.wav,فيل,أحمد,ضعيف,data\clean\فيل\01.wav,1.3235625
29.wav,فيل,وسام,متوسط,data\clean\فيل\29.wav,1.162625
1.wav,فيل,أحمد,ضعيف,data\clean\فيل\1.wav,0.9984375
02.wav,فيل,أحمد,ضعيف,data\clean\فيل\02.wav,0.777875
25.wav,فيل,أسيل,ضعيف,data\clean\فيل\25.wav,0.6023125
4.wav,فيل,أحمد,ضعيف,data\clean\فيل\4.wav,0.882375
03.wav,فيل,أحمد,ضعيف,data\clean\فيل\03.wav,0.9984375
04.wav,فيل,أحمد,ضعيف,data\clean\فيل\04.wav,0.685
33.wav,فيل,وسام,متوسط,data\clean\فيل\33.wav,1.07125
31.wav,فيل,وسام,متوسط,data\clean\فيل\31.wav,1.000875
32.wav,قط,وسام,متوسط,data\clean\قط\32.wav,0.7175625
34.wav,قط,وسام,متوسط,data\clean\قط\34.wav,0.8103125
0.wav,قط,أحمد,ضعيف,data\clean\قط\0.wav,0.8475
5.wav,قط,أحمد,ضعيف,data\clean\قط\5.wav,0.696625
2.wav,قط,أحمد,ضعيف,data\clean\قط\2.wav,0.7895
31.wav,قط,وسام,متوسط,data\clean\قط\31.wav,0.7615
02.wav,قط,أحمد,ضعيف,data\clean\قط\02.wav,0.592125
01.wav,قط,أحمد,ضعيف,data\clean\قط\01.wav,0.7198125
6.wav,قط,أحمد,ضعيف,data\clean\قط\6.wav,0.7430625
1.wav,قط,أحمد,ضعيف,data\clean\قط\1.wav,0.8010625
14.wav,قلب,هيفاء,جيد,data\clean\قلب\14.wav,0.557125
15.wav,قلب,هيفاء,جيد,data\clean\قلب\15.wav,0.457625
19.wav,قلب,هيفاء,جيد,data\clean\قلب\19.wav,0.5059375
16.wav,قلب,هيفاء,جيد,data\clean\قلب\16.wav,0.4650625
35.wav,قلم,وسام,متوسط,data\clean\قلم\35.wav,0.721375
031.wav,قلم,وسام,متوسط,data\clean\قلم\031.wav,1.0113125
32.wav,قلم,وسام,متوسط,data\clean\قلم\32.wav,0.811125
030.wav,قلم,وسام,متوسط,data\clean\قلم\030.wav,0.7904375
34.wav,قلم,وسام,متوسط,data\clean\قلم\34.wav,1.177
29.wav,قلم,وسام,متوسط,data\clean\قلم\29.wav,0.59025
36.wav,قلم,وسام,متوسط,data\clean\قلم\36.wav,1.2391875
5.wav,قميص,أحمد,ضعيف,data\clean\قميص\5.wav,0.8698125
33.wav,قميص,وسام,متوسط,data\clean\قميص\33.wav,1.3771875
0.wav,قميص,أحمد,ضعيف,data\clean\قميص\0.wav,0.55225
32.wav,قميص,وسام,متوسط,data\clean\قميص\32.wav,1.1459375
3.wav,قميص,أحمد,ضعيف,data\clean\قميص\3.wav,0.6765
1.wav,قميص,أحمد,ضعيف,data\clean\قميص\1.wav,0.4295625
01.wav,قميص,أحمد,ضعيف,data\clean\قميص\01.wav,0.6765
6.wav,قميص,أحمد,ضعيف,data\clean\قميص\6.wav,0.4694375
29.wav,قميص,وسام,متوسط,data\clean\قميص\29.wav,1.1000625
0.wav,كاس,أحمد,ضعيف,data\clean\كاس\0.wav,0.98025
01.wav,كاس,أحمد,ضعيف,data\clean\كاس\01.wav,0.8974375
1.wav,كاس,أحمد,ضعيف,data\clean\كاس\1.wav,0.7179375
5.wav,كاس,أحمد,ضعيف,data\clean\كاس\5.wav,1.063125
4.wav,كاس,أحمد,ضعيف,data\clean\كاس\4.wav,1.063125
32.wav,كاس,وسام,متوسط,data\clean\كاس\32.wav,0.738875
3.wav,كاس,أحمد,ضعيف,data\clean\كاس\3.wav,0.814625
30.wav,كاس,وسام,متوسط,data\clean\كاس\30.wav,0.8209375
02.wav,كاس,أحمد,ضعيف,data\clean\كاس\02.wav,0.938875
6.wav,كاس,أحمد,ضعيف,data\clean\كاس\6.wav,0.9388125
04.wav,كاس,أحمد,ضعيف,data\clean\كاس\04.wav,1.1045625
0.wav,كبير,أحمد,ضعيف,data\clean\كبير\0.wav,0.73175
01.wav,كبير,أحمد,ضعيف,data\clean\كبير\01.wav,0.73175
2.wav,كبير,أحمد,ضعيف,data\clean\كبير\2.wav,0.9664375
5.wav,كبير,أحمد,ضعيف,data\clean\كبير\5.wav,1.1045
4.wav,كبير,أحمد,ضعيف,data\clean\كبير\4.wav,0.883625
33.wav,كبير,وسام,متوسط,data\clean\كبير\33.wav,1.43025
30.wav,كبير,وسام,متوسط,data\clean\كبير\30.wav,1.14425
31.wav,كبير,وسام,متوسط,data\clean\كبير\31.wav,1.6636875
02.wav,كبير,أحمد,ضعيف,data\clean\كبير\02.wav,0.856
6.wav,كبير,أحمد,ضعيف,data\clean\كبير\6.wav,0.6075
1.wav,كبير,أحمد,ضعيف,data\clean\كبير\1.wav,1.0493125
25.wav,كتاب,أسيل,ضعيف,data\clean\كتاب\25.wav,0.6834375
23.wav,كتاب,أسيل,ضعيف,data\clean\كتاب\23.wav,0.831875
14.wav,كتاب,هيفاء,جيد,data\clean\كتاب\14.wav,0.2965
22.wav,كتاب,أسيل,ضعيف,data\clean\كتاب\22.wav,0.545375
19.wav,كتاب,هيفاء,جيد,data\clean\كتاب\19.wav,0.195125
16.wav,كتاب,هيفاء,جيد,data\clean\كتاب\16.wav,0.5740625
15.wav,كتاب,هيفاء,جيد,data\clean\كتاب\15.wav,0.3675
26.wav,كتاب,أسيل,ضعيف,data\clean\كتاب\26.wav,0.7110625
18.wav,كتاب,هيفاء,جيد,data\clean\كتاب\18.wav,0.3611875
1.wav,كرسي,أحمد,ضعيف,data\clean\كرسي\1.wav,1.132125
14.wav,كرسي,هيفاء,جيد,data\clean\كرسي\14.wav,0.632125
20.wav,كرسي,هيفاء,جيد,data\clean\كرسي\20.wav,0.473125
18.wav,كرسي,هيفاء,جيد,data\clean\كرسي\18.wav,0.3511875
16.wav,كرسي,هيفاء,جيد,data\clean\كرسي\16.wav,0.710125
26.wav,كرسي,أسيل,ضعيف,data\clean\كرسي\26.wav,0.7089375
4.wav,كرسي,أحمد,ضعيف,data\clean\كرسي\4.wav,1.063125
3.wav,كرسي,أحمد,ضعيف,data\clean\كرسي\3.wav,0.91125
23.wav,كرسي,أسيل,ضعيف,data\clean\كرسي\23.wav,1.076125
15.wav,كرسي,هيفاء,جيد,data\clean\كرسي\15.wav,0.7635
21.wav,كرسي,أسيل,ضعيف,data\clean\كرسي\21.wav,0.83375
5.wav,كرسي,أحمد,ضعيف,data\clean\كرسي\5.wav,1.4496875
24.wav,كلب,أسيل,ضعيف,data\clean\كلب\24.wav,0.7179375
15.wav,كلب,هيفاء,جيد,data\clean\كلب\15.wav,0.497625
21.wav,كلب,أسيل,ضعيف,data\clean\كلب\21.wav,0.66275
14.wav,كلب,هيفاء,جيد,data\clean\كلب\14.wav,0.5385
23.wav,كلب,أسيل,ضعيف,data\clean\كلب\23.wav,0.759375
16.wav,كلب,هيفاء,جيد,data\clean\كلب\16.wav,0.598
25.wav,كلب,أسيل,ضعيف,data\clean\كلب\25.wav,0.787
21.wav,كورة,أسيل,ضعيف,data\clean\كورة\21.wav,0.56
23.wav,كورة,أسيل,ضعيف,data\clean\كورة\23.wav,0.7964375
1.wav,كورة,أحمد,ضعيف,data\clean\كورة\1.wav,0.5565
3.wav,كورة,أحمد,ضعيف,data\clean\كورة\3.wav,0.7810625
18.wav,كورة,هيفاء,جيد,data\clean\كورة\18.wav,0.6128125
20.wav,كورة,هيفاء,جيد,data\clean\كورة\20.wav,0.7563125
15.wav,كورة,هيفاء,جيد,data\clean\كورة\15.wav,0.5315625
14.wav,كورة,هيفاء,جيد,data\clean\كورة\14.wav,0.66175
4.wav,كورة,أحمد,ضعيف,data\clean\كورة\4.wav,0.859125
17.wav,كورة,هيفاء,جيد,data\clean\كورة\17.wav,0.55225
4.wav,لبن,أحمد,ضعيف,data\clean\لبن\4.wav,0.6489375
3.wav,لبن,أحمد,ضعيف,data\clean\لبن\3.wav,0.9250625
0.wav,لبن,أحمد,ضعيف,data\clean\لبن\0.wav,0.98025
2.wav,لبن,أحمد,ضعيف,data\clean\لبن\2.wav,0.8145625
17.wav,لبن,هيفاء,جيد,data\clean\لبن\17.wav,0.823125
14.wav,لبن,هيفاء,جيد,data\clean\لبن\14.wav,0.78125
1.wav,لبن,أحمد,ضعيف,data\clean\لبن\1.wav,0.9250625
5.wav,لبن,أحمد,ضعيف,data\clean\لبن\5.wav,0.579875
2.wav,لعبة,أحمد,ضعيف,data\clean\لعبة\2.wav,0.8010625
4.wav,لعبة,أحمد,ضعيف,data\clean\لعبة\4.wav,0.8359375
1.wav,لعبة,أحمد,ضعيف,data\clean\لعبة\1.wav,0.66175
5.wav,لون,أحمد,ضعيف,data\clean\لون\5.wav,0.8421875
4.wav,لون,أحمد,ضعيف,data\clean\لون\4.wav,0.8421875
0.wav,لون,أحمد,ضعيف,data\clean\لون\0.wav,0.856
3.wav,لون,أحمد,ضعيف,data\clean\لون\3.wav,0.828375
22.wav,لون,أسيل,ضعيف,data\clean\لون\22.wav,1.01825
1.wav,لون,أحمد,ضعيف,data\clean\لون\1.wav,0.856
01.wav,لون,أحمد,ضعيف,data\clean\لون\01.wav,0.91125
6.wav,لون,أحمد,ضعيف,data\clean\لون\6.wav,0.856
0.wav,ماما,أحمد,ضعيف,data\clean\ماما\0.wav,0.8008125
01.wav,ماما,أحمد,ضعيف,data\clean\ماما\01.wav,0.814625
21.wav,ماما,أسيل,ضعيف,data\clean\ماما\21.wav,0.75175
5.wav,ماما,أحمد,ضعيف,data\clean\ماما\5.wav,0.7179375
4.wav,ماما,أحمد,ضعيف,data\clean\ماما\4.wav,1.007875
27.wav,ماما,أسيل,ضعيف,data\clean\ماما\27.wav,1.0006875
24.wav,ماما,أسيل,ضعيف,data\clean\ماما\24.wav,0.7761875
25.wav,ماما,أسيل,ضعيف,data\clean\ماما\25.wav,0.7810625
02.wav,ماما,أحمد,ضعيف,data\clean\ماما\02.wav,0.6489375
6.wav,ماما,أحمد,ضعيف,data\clean\ماما\6.wav,0.7455625
2.wav,ماما,أحمد,ضعيف,data\clean\ماما\2.wav,0.7179375
2.wav,مدرسة,أحمد,ضعيف,data\clean\مدرسة\2.wav,1.007875
4.wav,مدرسة,أحمد,ضعيف,data\clean\مدرسة\4.wav,0.8974375
0.wav,مدرسة,أحمد,ضعيف,data\clean\مدرسة\0.wav,1.2011875
5.wav,مدرسة,أحمد,ضعيف,data\clean\مدرسة\5.wav,1.1735625
16.wav,مدرسة,هيفاء,جيد,data\clean\مدرسة\16.wav,1.121
19.wav,مدرسة,هيفاء,جيد,data\clean\مدرسة\19.wav,0.5371875
1.wav,مدرسة,أحمد,ضعيف,data\clean\مدرسة\1.wav,0.883625
01.wav,مدرسة,أحمد,ضعيف,data\clean\مدرسة\01.wav,0.91125
6.wav,مدرسة,أحمد,ضعيف,data\clean\مدرسة\6.wav,1.1459375
22.wav,مستشفى,أسيل,ضعيف,data\clean\مستشفى\22.wav,0.759375
25.wav,مستشفى,أسيل,ضعيف,data\clean\مستشفى\25.wav,0.975125
23.wav,مستشفى,أسيل,ضعيف,data\clean\مستشفى\23.wav,0.9319375
22.wav,معصب,أسيل,ضعيف,data\clean\معصب\22.wav,0.6661875
25.wav,معصب,أسيل,ضعيف,data\clean\معصب\25.wav,0.900875
23.wav,معصب,أسيل,ضعيف,data\clean\معصب\23.wav,0.68
14.wav,مفتاح,هيفاء,جيد,data\clean\مفتاح\14.wav,0.8895625
18.wav,مفتاح,هيفاء,جيد,data\clean\مفتاح\18.wav,1.703125
014.wav,مفتاح,هيفاء,جيد,data\clean\مفتاح\014.wav,1.1265625
20.wav,مفتاح,هيفاء,جيد,data\clean\مفتاح\20.wav,1.41675
15.wav,مفتاح,هيفاء,جيد,data\clean\مفتاح\15.wav,0.8439375
17.wav,مفتاح,هيفاء,جيد,data\clean\مفتاح\17.wav,0.3700625
19.wav,ملعب,هيفاء,جيد,data\clean\ملعب\19.wav,0.6805
015.wav,ملعب,هيفاء,جيد,data\clean\ملعب\015.wav,1.293875
17.wav,ملعب,هيفاء,جيد,data\clean\ملعب\17.wav,0.621875
014.wav,ملعب,هيفاء,جيد,data\clean\ملعب\014.wav,0.8680625
20.wav,ملعب,هيفاء,جيد,data\clean\ملعب\20.wav,0.7691875
14.wav,ملعب,هيفاء,جيد,data\clean\ملعب\14.wav,0.589625
16.wav,ملعب,هيفاء,جيد,data\clean\ملعب\16.wav,0.6398125
19.wav,موز,هيفاء,جيد,data\clean\موز\19.wav,0.7666875
4.wav,موز,أحمد,ضعيف,data\clean\موز\4.wav,0.828375
18.wav,موز,هيفاء,جيد,data\clean\موز\18.wav,0.73375
31.wav,موز,وسام,متوسط,data\clean\موز\31.wav,0.907125
0.wav,موز,أحمد,ضعيف,data\clean\موز\0.wav,0.9940625
21.wav,موز,أسيل,ضعيف,data\clean\موز\21.wav,0.60225
26.wav,موز,أسيل,ضعيف,data\clean\موز\26.wav,0.956125
32.wav,موز,وسام,متوسط,data\clean\موز\32.wav,1.0856875
20.wav,موز,هيفاء,جيد,data\clean\موز\20.wav,0.8249375
22.wav,موز,أسيل,ضعيف,data\clean\موز\22.wav,0.935375
24.wav,موز,أسيل,ضعيف,data\clean\موز\24.wav,0.8180625
01.wav,موز,أحمد,ضعيف,data\clean\موز\01.wav,0.759375
14.wav,موز,هيفاء,جيد,data\clean\موز\14.wav,0.8781875
15.wav,موز,هيفاء,جيد,data\clean\موز\15.wav,1.129125
02.wav,موز,أحمد,ضعيف,data\clean\موز\02.wav,1.063125
25.wav,موز,أسيل,ضعيف,data\clean\موز\25.wav,0.935375
33.wav,موز,وسام,متوسط,data\clean\موز\33.wav,0.818875
1.wav,موز,أحمد,ضعيف,data\clean\موز\1.wav,1.1045625
5.wav,موز,أحمد,ضعيف,data\clean\موز\5.wav,1.0769375
0.wav,موية,أحمد,ضعيف,data\clean\موية\0.wav,0.6686875
3.wav,موية,أحمد,ضعيف,data\clean\موية\3.wav,0.8303125
26.wav,موية,أسيل,ضعيف,data\clean\موية\26.wav,0.5833125
1.wav,موية,أحمد,ضعيف,data\clean\موية\1.wav,0.5984375
2.wav,موية,أحمد,ضعيف,data\clean\موية\2.wav,0.65475
17.wav,موية,هيفاء,جيد,data\clean\موية\17.wav,0.550375
22.wav,موية,أسيل,ضعيف,data\clean\موية\22.wav,0.59725
15.wav,موية,هيفاء,جيد,data\clean\موية\15.wav,0.551625
4.wav,موية,أحمد,ضعيف,data\clean\موية\4.wav,0.7329375
27.wav,موية,أسيل,ضعيف,data\clean\موية\27.wav,0.693125
24.wav,موية,أسيل,ضعيف,data\clean\موية\24.wav,1.120125
14.wav,موية,هيفاء,جيد,data\clean\موية\14.wav,150.656625
20.wav,موية,هيفاء,جيد,data\clean\موية\20.wav,0.5735625
6.wav,موية,أحمد,ضعيف,data\clean\موية\6.wav,0.7291875
31.wav,مياة,وسام,متوسط,data\clean\مياة\31.wav,0.7351875
030.wav,مياة,وسام,متوسط,data\clean\مياة\030.wav,1.07
35.wav,مياة,وسام,متوسط,data\clean\مياة\35.wav,1.045875
36.wav,مياة,وسام,متوسط,data\clean\مياة\36.wav,1.07
032.wav,مياة,وسام,متوسط,data\clean\مياة\032.wav,0.828375
031.wav,مياة,وسام,متوسط,data\clean\مياة\031.wav,1.118375
34.wav,مياة,وسام,متوسط,data\clean\مياة\34.wav,0.9595625
0.wav,نار,أحمد,ضعيف,data\clean\نار\0.wav,0.986875
04.wav,نار,أحمد,ضعيف,data\clean\نار\04.wav,1.068125
18.wav,نار,هيفاء,جيد,data\clean\نار\18.wav,0.5756875
01.wav,نار,أحمد,ضعيف,data\clean\نار\01.wav,1.0216875
15.wav,نار,هيفاء,جيد,data\clean\نار\15.wav,0.5655
4.wav,نار,أحمد,ضعيف,data\clean\نار\4.wav,0.6501875
02.wav,نار,أحمد,ضعيف,data\clean\نار\02.wav,0.9055625
2.wav,نار,أحمد,ضعيف,data\clean\نار\2.wav,0.487625
3.wav,نار,أحمد,ضعيف,data\clean\نار\3.wav,0.882375
5.wav,نار,أحمد,ضعيف,data\clean\نار\5.wav,0.859125
014.wav,نار,هيفاء,جيد,data\clean\نار\014.wav,0.8175625
16.wav,نار,هيفاء,جيد,data\clean\نار\16.wav,0.6808125
6.wav,نار,أحمد,ضعيف,data\clean\نار\6.wav,0.5805
1.wav,نام,أحمد,ضعيف,data\clean\نام\1.wav,2.2505
14.wav,نام,هيفاء,جيد,data\clean\نام\14.wav,0.45275
18.wav,نام,هيفاء,جيد,data\clean\نام\18.wav,0.6065
4.wav,نام,أحمد,ضعيف,data\clean\نام\4.wav,0.9288125
23.wav,نام,أسيل,ضعيف,data\clean\نام\23.wav,0.5575
3.wav,نام,أحمد,ضعيف,data\clean\نام\3.wav,1.2074375
20.wav,نام,هيفاء,جيد,data\clean\نام\20.wav,0.4503125
25.wav,نام,أسيل,ضعيف,data\clean\نام\25.wav,0.5591875
15.wav,نام,هيفاء,جيد,data\clean\نام\15.wav,0.504
21.wav,نام,أسيل,ضعيف,data\clean\نام\21.wav,0.6316875
5.wav,نام,أحمد,ضعيف,data\clean\نام\5.wav,0.882375
3.wav,نور,أحمد,ضعيف,data\clean\نور\3.wav,0.882375
31.wav,نور,وسام,متوسط,data\clean\نور\31.wav,1.35475
0.wav,نور,أحمد,ضعيف,data\clean\نور\0.wav,1.0565
33.wav,نور,وسام,متوسط,data\clean\نور\33.wav,1.2291875
23.wav,نور,أسيل,ضعيف,data\clean\نور\23.wav,0.76975
29.wav,نور,وسام,متوسط,data\clean\نور\29.wav,1.172125
2.wav,نور,أحمد,ضعيف,data\clean\نور\2.wav,0.6501875
1.wav,نور,أحمد,ضعيف,data\clean\نور\1.wav,0.8939375
4.wav,نور,أحمد,ضعيف,data\clean\نور\4.wav,0.7895
22.wav,نور,أسيل,ضعيف,data\clean\نور\22.wav,0.982
31.wav,هلال,وسام,متوسط,data\clean\هلال\31.wav,0.98375
030.wav,هلال,وسام,متوسط,data\clean\هلال\030.wav,1.2460625
35.wav,هلال,وسام,متوسط,data\clean\هلال\35.wav,0.98375
36.wav,هلال,وسام,متوسط,data\clean\هلال\36.wav,1.1218125
032.wav,هلال,وسام,متوسط,data\clean\هلال\032.wav,1.401375
031.wav,هلال,وسام,متوسط,data\clean\هلال\031.wav,1.3081875
34.wav,هلال,وسام,متوسط,data\clean\هلال\34.wav,0.973375
0.wav,هواء,أحمد,ضعيف,data\clean\هواء\0.wav,0.8359375
01.wav,هواء,أحمد,ضعيف,data\clean\هواء\01.wav,0.5805
16.wav,هواء,هيفاء,جيد,data\clean\هواء\16.wav,1.158875
1.wav,هواء,أحمد,ضعيف,data\clean\هواء\1.wav,0.8359375
03.wav,هواء,أحمد,ضعيف,data\clean\هواء\03.wav,0.545625
20.wav,هواء,هيفاء,جيد,data\clean\هواء\20.wav,1.0351875
5.wav,هواء,أحمد,ضعيف,data\clean\هواء\5.wav,0.76625
4.wav,هواء,أحمد,ضعيف,data\clean\هواء\4.wav,0.8475
19.wav,هواء,هيفاء,جيد,data\clean\هواء\19.wav,1.025875
02.wav,هواء,أحمد,ضعيف,data\clean\هواء\02.wav,0.7895
17.wav,هواء,هيفاء,جيد,data\clean\هواء\17.wav,1.2193125
6.wav,هواء,أحمد,ضعيف,data\clean\هواء\6.wav,0.7198125
1.wav,واحد,أحمد,ضعيف,data\clean\واحد\1.wav,1.0913125
2.wav,واحد,أحمد,ضعيف,data\clean\واحد\2.wav,0.97525
8.wav,واحد,عاصم,ممتاز,data\clean\واحد\8.wav,0.9055625
3.wav,واحد,أحمد,ضعيف,data\clean\واحد\3.wav,0.9288125
14.wav,ورق,هيفاء,جيد,data\clean\ورق\14.wav,0.5459375
18.wav,ورق,هيفاء,جيد,data\clean\ورق\18.wav,0.6613125
014.wav,ورق,هيفاء,جيد,data\clean\ورق\014.wav,0.8873125
20.wav,ورق,هيفاء,جيد,data\clean\ورق\20.wav,0.866875
15.wav,ورق,هيفاء,جيد,data\clean\ورق\15.wav,0.9551875
17.wav,ورق,هيفاء,جيد,data\clean\ورق\17.wav,0.7059375
1.wav,ولد,أحمد,ضعيف,data\clean\ولد\1.wav,0.60375
29.wav,ولد,وسام,متوسط,data\clean\ولد\29.wav,0.6355625
4.wav,ولد,أحمد,ضعيف,data\clean\ولد\4.wav,0.7314375
3.wav,ولد,أحمد,ضعيف,data\clean\ولد\3.wav,0.8010625
31.wav,ولد,وسام,متوسط,data\clean\ولد\31.wav,0.3849375
21.wav,يالله,أسيل,ضعيف,data\clean\يالله\21.wav,0.6101875
22.wav,يالله,أسيل,ضعيف,data\clean\يالله\22.wav,0.4411875
26.wav,يالله,أسيل,ضعيف,data\clean\يالله\26.wav,0.590625
23.wav,يالله,أسيل,ضعيف,data\clean\يالله\23.wav,0.6089375
2.wav,يد,أحمد,ضعيف,data\clean\يد\2.wav,0.8395625
4.wav,يد,أحمد,ضعيف,data\clean\يد\4.wav,0.75175
0.wav,يد,أحمد,ضعيف,data\clean\يد\0.wav,0.77125
5.wav,يد,أحمد,ضعيف,data\clean\يد\5.wav,0.6199375
15.wav,يد,هيفاء,جيد,data\clean\يد\15.wav,1.036125
18.wav,يد,هيفاء,جيد,data\clean\يد\18.wav,0.5729375
02.wav,يد,أحمد,ضعيف,data\clean\يد\02.wav,0.6296875
01.wav,يد,أحمد,ضعيف,data\clean\يد\01.wav,0.6491875
6.wav,يد,أحمد,ضعيف,data\clean\يد\6.wav,0.8151875
